[{"model": "foodcartapp.productcategory", "pk": 1, "fields": {"name": "Бургер"}}, {"model": "foodcartapp.productcategory", "pk": 2, "fields": {"name": "Ролл"}}, {"model": "foodcartapp.product", "pk": 1, "fields": {"name": "Стейкхаус", "category": 1, "price": "269.00", "image": "steak.jpg", "special_status": false, "description": "Стейкхаус – это сочетание нашей фирменной, приготовленной на огне 100% говядины с ломтиками бекона и соусом «Барбекю», майонезом, листьями свежего салата, помидором и хрустящим луком на воздушной було"}}, {"model": "foodcartapp.product", "pk": 2, "fields": {"name": "Лонг Чизбургер", "category": 1, "price": "219.00", "image": "long_chiz.jpg", "special_status": false, "description": "Лонг Чизбургер – эталон в коллекции чизбургеров! Два приготовленных на огне бифштекса с двумя ломтиками слегка расплавленного сыра, хрустящими огурчиками, рубленым луком, горчицей и кетчупом на длинно"}}, {"model": "foodcartapp.product", "pk": 3, "fields": {"name": "Тройной Воппер", "category": 1, "price": "369.00", "image": "triple_vopper.jpg", "special_status": false, "description": "ВОППЕР® — это вкуснейшая приготовленная на огне 100% говядина с сочными помидорами, свежим нарезанным листовым салатом, густым майонезом, хрустящими маринованными огурчиками и свежим луком на нежной б"}}, {"model": "foodcartapp.product", "pk": 4, "fields": {"name": "Беконайзер", "category": 1, "price": "319.00", "image": "beconizer.jpg", "special_status": false, "description": "Встречай самый внушительный бургер в коллекции Бургер Кинг. Много мяса, много бекона и много сыра - все, как ты любишь, и ничего лишнего!"}}, {"model": "foodcartapp.product", "pk": 5, "fields": {"name": "Фиш Ролл", "category": 2, "price": "199.00", "image": "fish_roll.jpg", "special_status": false, "description": "Наш новый ролл с аппетитной котлеткой из филе белой рыбы, с фирменным соусом, маринованными огурчиками и хрустящим салатом. Легкое рыбное удовольствие!"}}, {"model": "foodcartapp.product", "pk": 6, "fields": {"name": "Шримп Ролл", "category": 2, "price": "209.00", "image": "shrimp_roll.jpg", "special_status": false, "description": "Легкий ролл с нежными королевскими креветками в хрустящей панировке, свежий салат Айсберг и ломтик сыра в пшеничной лепешке под фирменным соусом «Кинг». Внимание! Блюдо содержит аллергены – морепродук"}}, {"model": "foodcartapp.restaurant", "pk": 1, "fields": {"name": "Star Burger Арбат", "address": "Москва, ул. Новый Арбат, 15", "contact_phone": "+7 (967) 157-44-13"}}, {"model": "foodcartapp.restaurant", "pk": 2, "fields": {"name": "Star Burger Цветной", "address": "Москва, Цветной бульвар, 11с2", "contact_phone": "+7 (929) 949-55-36"}}, {"model": "foodcartapp.restaurant", "pk": 3, "fields": {"name": "Star Burger Европейский", "address": "Москва, пл. Киевского Вокзала, 2", "contact_phone": "+7 (929) 680-47-58"}}, {"model": "foodcartapp.restaurantmenuitem", "pk": 1, "fields": {"restaurant": 1, "product": 1, "availability": true}}, {"model": "foodcartapp.restaurantmenuitem", "pk": 2, "fields": {"restaurant": 1, "product": 2, "availability": true}}, {"model": "foodcartapp.restaurantmenuitem", "pk": 3, "fields": {"restaurant": 1, "product": 3, "availability": true}}, {"model": "foodcartapp.restaurantmenuitem", "pk": 4, "fields": {"restaurant": 1, "product": 4, "availability": true}}, {"model": "foodcartapp.restaurantmenuitem", "pk": 5, "fields": {"restaurant": 1, "product": 5, "availability": true}}, {"model": "foodcartapp.restaurantmenuitem", "pk": 6, "fields": {"restaurant": 1, "product": 6, "availability": true}}, {"model": "foodcartapp.restaurantmenuitem", "pk": 7, "fields": {"restaurant": 3, "product": 1, "availability": false}}, {"model": "foodcartapp.restaurantmenuitem", "pk": 8, "fields": {"restaurant": 3, "product": 2, "availability": false}}, {"model": "foodcartapp.restaurantmenuitem", "pk": 9, "fields": {"restaurant": 3, "product": 3, "availability": true}}, {"model": "foodcartapp.restaurantmenuitem", "pk": 10, "fields": {"restaurant": 3, "product": 4, "availability": true}}, {"model": "foodcartapp.restaurantmenuitem", "pk": 11, "fields": {"restaurant": 3, "product": 5, "availability": true}}, {"model": "foodcartapp.restaurantmenuitem", "pk": 12, "fields": {"restaurant": 3, "product": 6, "availability": true}}, {"model": "foodcartapp.restaurantmenuitem", "pk": 13, "fields": {"restaurant": 2, "product": 1, "availability": true}}, {"model": "foodcartapp.restaurantmenuitem", "pk": 14, "fields": {"restaurant": 2, "product": 2, "availability": true}}, {"model": "foodcartapp.restaurantmenuitem", "pk": 15, "fields": {"restaurant": 2, "product": 3, "availability": true}}, {"model": "foodcartapp.restaurantmenuitem", "pk": 16, "fields": {"restaurant": 2, "product": 4, "availability": true}}, {"model": "foodcartapp.restaurantmenuitem", "pk": 17, "fields": {"restaurant": 2, "product": 5, "availability": true}}, {"model": "foodcartapp.restaurantmenuitem", "pk": 18, "fields": {"restaurant": 2, "product": 6, "availability": true}}, {"model": "foodcartapp.order", "pk": 6, "fields": {"firstname": "Дмитрий g", "lastname": "Веренy", "phonenumber": "+79261029463", "address": "г. Москва, ул Миклухо-Маклая д.8", "status": "PR", "comments": "", "registered_at": "2022-09-28T13:31:04Z", "processed_at": null, "delivered_at": null, "payment_type": "Ca", "chosen_restaurant": 1}}, {"model": "foodcartapp.order", "pk": 7, "fields": {"firstname": "dfhs", "lastname": "fjjfjfjfdgbb", "phonenumber": "+79261029463", "address": "г. Москва, ул Миклухо-Маклая д.12", "status": "FN", "comments": "", "registered_at": "2022-09-28T13:31:04Z", "processed_at": null, "delivered_at": null, "payment_type": "Ca", "chosen_restaurant": null}}, {"model": "foodcartapp.order", "pk": 17, "fields": {"firstname": "Валидатор", "lastname": "Иванович G", "phonenumber": "+79261029463", "address": "г. Москва, ул Миклухо-Маклая д.9", "status": "NP", "comments": "", "registered_at": "2022-09-28T13:31:04Z", "processed_at": null, "delivered_at": null, "payment_type": "Ca", "chosen_restaurant": null}}, {"model": "foodcartapp.order", "pk": 18, "fields": {"firstname": "Вася", "lastname": "Валидатор", "phonenumber": "+79261029463", "address": "г. Москва, ул Миклухо-Маклая д.8", "status": "NP", "comments": "", "registered_at": "2022-09-28T13:31:04.318Z", "processed_at": null, "delivered_at": null, "payment_type": "Ca", "chosen_restaurant": null}}, {"model": "foodcartapp.order", "pk": 30, "fields": {"firstname": "ДД", "lastname": "РР", "phonenumber": "+79261029463", "address": "г. Москва, ул Миклухо-Маклая д.8", "status": "NP", "comments": "", "registered_at": "2022-09-28T13:31:04.318Z", "processed_at": null, "delivered_at": null, "payment_type": "Ca", "chosen_restaurant": null}}, {"model": "foodcartapp.order", "pk": 31, "fields": {"firstname": "ДД", "lastname": "РР", "phonenumber": "+79261029463", "address": "г. Москва, ул Миклухо-Маклая д.8", "status": "NP", "comments": "", "registered_at": "2022-09-28T13:31:04.318Z", "processed_at": null, "delivered_at": null, "payment_type": "Ca", "chosen_restaurant": null}}, {"model": "foodcartapp.order", "pk": 32, "fields": {"firstname": "Док", "lastname": "Рух", "phonenumber": "+79261029463", "address": "г. Москва, ул Миклухо-Маклая д.8", "status": "PR", "comments": "", "registered_at": "2022-09-28T13:31:04Z", "processed_at": "2022-09-28T13:45:25Z", "delivered_at": null, "payment_type": "Ca", "chosen_restaurant": 3}}, {"model": "foodcartapp.order", "pk": 33, "fields": {"firstname": "Заказцееa", "lastname": "ДляТеста", "phonenumber": "+79261029463", "address": "г. Москва, ул Миклухо-Маклая д.8", "status": "NP", "comments": "", "registered_at": "2022-09-28T13:31:04Z", "processed_at": null, "delivered_at": null, "payment_type": "Ca", "chosen_restaurant": null}}, {"model": "foodcartapp.order", "pk": 34, "fields": {"firstname": "Доктор", "lastname": "Вася", "phonenumber": "+79261029463", "address": "Москва, ул. Профсоюзная д.43 корп.2", "status": "NP", "comments": "", "registered_at": "2022-10-10T21:58:46.414Z", "processed_at": null, "delivered_at": null, "payment_type": "Ca", "chosen_restaurant": null}}, {"model": "foodcartapp.order", "pk": 35, "fields": {"firstname": "Док", "lastname": "Валентин", "phonenumber": "+79261029463", "address": "г. Москва, ул Миклухо-Маклая д.10", "status": "NP", "comments": "", "registered_at": "2022-10-10T22:28:38.703Z", "processed_at": null, "delivered_at": null, "payment_type": "Ca", "chosen_restaurant": null}}, {"model": "foodcartapp.order", "pk": 36, "fields": {"firstname": "Док", "lastname": "Валентин", "phonenumber": "+79261029463", "address": "г. Москва, ул Миклухо-Маклая д.10", "status": "NP", "comments": "", "registered_at": "2022-10-10T22:31:54.241Z", "processed_at": null, "delivered_at": null, "payment_type": "Ca", "chosen_restaurant": null}}, {"model": "foodcartapp.order", "pk": 37, "fields": {"firstname": "Дмитрий", "lastname": "фффф", "phonenumber": "+79991112233", "address": "г. Москва, ул Миклухо-Маклая д.80", "status": "NP", "comments": "", "registered_at": "2022-10-16T17:30:51Z", "processed_at": null, "delivered_at": null, "payment_type": "", "chosen_restaurant": null}}, {"model": "foodcartapp.order", "pk": 38, "fields": {"firstname": "Дмитрий", "lastname": "фффф", "phonenumber": "+79991112233", "address": "г. Москва, ул Миклухо-Маклая д.80", "status": "NP", "comments": "", "registered_at": "2022-10-16T17:33:15.407Z", "processed_at": null, "delivered_at": null, "payment_type": "", "chosen_restaurant": null}}, {"model": "foodcartapp.order", "pk": 39, "fields": {"firstname": "Lj", "lastname": "Asfs", "phonenumber": "+79251110033", "address": "г. Москва, ул Миклухо-Маклая д.10", "status": "NP", "comments": "", "registered_at": "2022-10-18T11:10:30.562Z", "processed_at": null, "delivered_at": null, "payment_type": "", "chosen_restaurant": null}}, {"model": "foodcartapp.order", "pk": 40, "fields": {"firstname": "ZZ", "lastname": "Top", "phonenumber": "+79261119463", "address": "г. Москваб ул.Профсоюзнач д.43, к.2", "status": "NP", "comments": "", "registered_at": "2022-10-30T13:55:04.442Z", "processed_at": null, "delivered_at": null, "payment_type": "", "chosen_restaurant": null}}, {"model": "foodcartapp.order", "pk": 49, "fields": {"firstname": "Аля", "lastname": "Ахмедыч", "phonenumber": "+79261129463", "address": "г. Москва, ул.Профсоюзная д.43, к.1", "status": "NP", "comments": "", "registered_at": "2022-10-30T14:25:11.302Z", "processed_at": null, "delivered_at": null, "payment_type": "", "chosen_restaurant": null}}, {"model": "foodcartapp.order", "pk": 50, "fields": {"firstname": "Второе", "lastname": "Пупкин", "phonenumber": "+79261029464", "address": "г. Москва, ул.Профсоюзная д.43, к.2", "status": "NP", "comments": "", "registered_at": "2022-10-30T14:26:40.374Z", "processed_at": null, "delivered_at": null, "payment_type": "", "chosen_restaurant": null}}, {"model": "foodcartapp.order", "pk": 51, "fields": {"firstname": "Ышо", "lastname": "Адин", "phonenumber": "+79261029466", "address": "г. Москва, ул.Профсоюзная д.43, к.1", "status": "NP", "comments": "", "registered_at": "2022-10-30T16:40:04.704Z", "processed_at": null, "delivered_at": null, "payment_type": "", "chosen_restaurant": null}}, {"model": "foodcartapp.orderitem", "pk": 1, "fields": {"order": 6, "product": 2, "quantity": 1, "price": "219.00"}}, {"model": "foodcartapp.orderitem", "pk": 2, "fields": {"order": 6, "product": 1, "quantity": 2, "price": "538.00"}}, {"model": "foodcartapp.orderitem", "pk": 3, "fields": {"order": 7, "product": 2, "quantity": 2, "price": "438.00"}}, {"model": "foodcartapp.orderitem", "pk": 7, "fields": {"order": 17, "product": 2, "quantity": 1, "price": "219.00"}}, {"model": "foodcartapp.orderitem", "pk": 8, "fields": {"order": 17, "product": 3, "quantity": 1, "price": "369.00"}}, {"model": "foodcartapp.orderitem", "pk": 9, "fields": {"order": 17, "product": 1, "quantity": 1, "price": "269.00"}}, {"model": "foodcartapp.orderitem", "pk": 10, "fields": {"order": 18, "product": 2, "quantity": 2, "price": "438.00"}}, {"model": "foodcartapp.orderitem", "pk": 11, "fields": {"order": 18, "product": 3, "quantity": 1, "price": "369.00"}}, {"model": "foodcartapp.orderitem", "pk": 13, "fields": {"order": 30, "product": 5, "quantity": 1, "price": "199.00"}}, {"model": "foodcartapp.orderitem", "pk": 14, "fields": {"order": 31, "product": 5, "quantity": 1, "price": "199.00"}}, {"model": "foodcartapp.orderitem", "pk": 15, "fields": {"order": 32, "product": 6, "quantity": 1, "price": "209.00"}}, {"model": "foodcartapp.orderitem", "pk": 16, "fields": {"order": 32, "product": 5, "quantity": 2, "price": "398.00"}}, {"model": "foodcartapp.orderitem", "pk": 17, "fields": {"order": 33, "product": 4, "quantity": 1, "price": "319.00"}}, {"model": "foodcartapp.orderitem", "pk": 18, "fields": {"order": 33, "product": 1, "quantity": 1, "price": "342.00"}}, {"model": "foodcartapp.orderitem", "pk": 19, "fields": {"order": 34, "product": 5, "quantity": 1, "price": "199.00"}}, {"model": "foodcartapp.orderitem", "pk": 20, "fields": {"order": 34, "product": 6, "quantity": 1, "price": "209.00"}}, {"model": "foodcartapp.orderitem", "pk": 21, "fields": {"order": 36, "product": 2, "quantity": 2, "price": "438.00"}}, {"model": "foodcartapp.orderitem", "pk": 22, "fields": {"order": 38, "product": 2, "quantity": 1, "price": "219.00"}}, {"model": "foodcartapp.orderitem", "pk": 23, "fields": {"order": 38, "product": 3, "quantity": 1, "price": "369.00"}}, {"model": "foodcartapp.orderitem", "pk": 24, "fields": {"order": 39, "product": 2, "quantity": 1, "price": "219.00"}}, {"model": "foodcartapp.orderitem", "pk": 26, "fields": {"order": 40, "product": 2, "quantity": 2, "price": "438.00"}}, {"model": "foodcartapp.orderitem", "pk": 27, "fields": {"order": 40, "product": 3, "quantity": 1, "price": "369.00"}}, {"model": "foodcartapp.orderitem", "pk": 30, "fields": {"order": 49, "product": 2, "quantity": 3, "price": "657.00"}}, {"model": "foodcartapp.orderitem", "pk": 31, "fields": {"order": 49, "product": 3, "quantity": 1, "price": "369.00"}}, {"model": "foodcartapp.orderitem", "pk": 32, "fields": {"order": 49, "product": 1, "quantity": 1, "price": "269.00"}}, {"model": "foodcartapp.orderitem", "pk": 33, "fields": {"order": 50, "product": 1, "quantity": 4, "price": "1076.00"}}, {"model": "foodcartapp.orderitem", "pk": 34, "fields": {"order": 50, "product": 2, "quantity": 1, "price": "219.00"}}, {"model": "foodcartapp.orderitem", "pk": 35, "fields": {"order": 51, "product": 1, "quantity": 2, "price": "538.00"}}, {"model": "geodata.placegeolocation", "pk": 1, "fields": {"address": "Москва, ул. Профсоюзная д.43 корп.2", "lon": "37.55578600000000", "lat": "55.66674600000000", "last_update": "2022-10-10T21:58:46.630Z"}}, {"model": "geodata.placegeolocation", "pk": 2, "fields": {"address": "г. Москва, ул Миклухо-Маклая д.10", "lon": "37.50455500000000", "lat": "55.64980900000000", "last_update": "2022-10-10T22:31:54.451Z"}}, {"model": "geodata.placegeolocation", "pk": 3, "fields": {"address": "Москва, ул. Новый Арбат, 15", "lon": "37.59242000000000", "lat": "55.75214100000000", "last_update": "2022-10-10T22:48:30.190Z"}}, {"model": "geodata.placegeolocation", "pk": 4, "fields": {"address": "Москва, Цветной бульвар, 11с2", "lon": "37.62042900000000", "lat": "55.77007600000000", "last_update": "2022-10-10T22:48:30.390Z"}}, {"model": "geodata.placegeolocation", "pk": 5, "fields": {"address": "Москва, пл. Киевского Вокзала, 2", "lon": "37.56607200000000", "lat": "55.74463700000000", "last_update": "2022-10-10T22:48:30.607Z"}}, {"model": "geodata.placegeolocation", "pk": 6, "fields": {"address": "г. Москва, ул Миклухо-Маклая д.8", "lon": "37.56607200000000", "lat": "55.74463700000000", "last_update": "2022-10-10T23:33:40.183Z"}}, {"model": "geodata.placegeolocation", "pk": 7, "fields": {"address": "г. Москва, ул Миклухо-Маклая д.81", "lon": "37.56607200000000", "lat": "55.74463700000000", "last_update": "2022-10-10T23:33:38.950Z"}}, {"model": "geodata.placegeolocation", "pk": 8, "fields": {"address": "г. Москва, ул Миклухо-Маклая д.24", "lon": "37.56607200000000", "lat": "55.74463700000000", "last_update": "2022-10-10T23:34:35.453Z"}}, {"model": "geodata.placegeolocation", "pk": 9, "fields": {"address": "г. Москва, ул Миклухо-Маклая д.12", "lon": "37.56607200000000", "lat": "55.74463700000000", "last_update": "2022-10-14T06:48:36.651Z"}}, {"model": "geodata.placegeolocation", "pk": 10, "fields": {"address": "г. Москва, ул Миклухо-Маклая д.9", "lon": "37.56607200000000", "lat": "55.74463700000000", "last_update": "2022-10-14T06:48:36.869Z"}}, {"model": "geodata.placegeolocation", "pk": 11, "fields": {"address": "г. Москва, ул Миклухо-Маклая д.80", "lon": "37.56607200000000", "lat": "55.74463700000000", "last_update": "2022-10-16T17:49:56.111Z"}}, {"model": "geodata.placegeolocation", "pk": 12, "fields": {"address": "г. Москваб ул.Профсоюзнач д.43, к.2", "lon": "37.55578600000000", "lat": "55.66674600000000", "last_update": "2022-10-30T13:55:04.750Z"}}, {"model": "geodata.placegeolocation", "pk": 13, "fields": {"address": "г. Москваб ул.Профсоюзная д.43, к.1", "lon": "37.55361200000000", "lat": "55.66812700000000", "last_update": "2022-10-30T13:57:19.512Z"}}, {"model": "geodata.placegeolocation", "pk": 14, "fields": {"address": "г. Москва, ул.Профсоюзная д.43, к.1", "lon": "37.55361200000000", "lat": "55.66812700000000", "last_update": "2022-10-30T14:02:19.322Z"}}, {"model": "geodata.placegeolocation", "pk": 15, "fields": {"address": "г. Москва, ул.Профсоюзная д.43, к.2", "lon": "37.55578600000000", "lat": "55.66674600000000", "last_update": "2022-10-30T14:26:40.605Z"}}, {"model": "admin.logentry", "pk": 1, "fields": {"action_time": "2022-09-12T17:19:10.953Z", "user": 1, "content_type": 1, "object_id": "1", "object_repr": "Стейкхаус", "action_flag": 1, "change_message": "[{\"added\": {}}]"}}, {"model": "admin.logentry", "pk": 2, "fields": {"action_time": "2022-09-12T17:21:53.485Z", "user": 1, "content_type": 1, "object_id": "2", "object_repr": "Лонг Чизбургер", "action_flag": 1, "change_message": "[{\"added\": {}}]"}}, {"model": "admin.logentry", "pk": 3, "fields": {"action_time": "2022-09-12T17:22:44.129Z", "user": 1, "content_type": 1, "object_id": "3", "object_repr": "Тройной Воппер", "action_flag": 1, "change_message": "[{\"added\": {}}]"}}, {"model": "admin.logentry", "pk": 4, "fields": {"action_time": "2022-09-12T17:23:32.499Z", "user": 1, "content_type": 1, "object_id": "4", "object_repr": "Беконайзер", "action_flag": 1, "change_message": "[{\"added\": {}}]"}}, {"model": "admin.logentry", "pk": 5, "fields": {"action_time": "2022-09-12T17:24:24.218Z", "user": 1, "content_type": 1, "object_id": "5", "object_repr": "Фиш Ролл", "action_flag": 1, "change_message": "[{\"added\": {}}]"}}, {"model": "admin.logentry", "pk": 6, "fields": {"action_time": "2022-09-12T17:24:53.080Z", "user": 1, "content_type": 4, "object_id": "1", "object_repr": "Бургер", "action_flag": 1, "change_message": "[{\"added\": {}}]"}}, {"model": "admin.logentry", "pk": 7, "fields": {"action_time": "2022-09-12T17:25:00.827Z", "user": 1, "content_type": 4, "object_id": "2", "object_repr": "Ролл", "action_flag": 1, "change_message": "[{\"added\": {}}]"}}, {"model": "admin.logentry", "pk": 8, "fields": {"action_time": "2022-09-12T17:25:10.539Z", "user": 1, "content_type": 1, "object_id": "5", "object_repr": "Фиш Ролл", "action_flag": 2, "change_message": "[{\"changed\": {\"fields\": [\"\\u041a\\u0430\\u0442\\u0435\\u0433\\u043e\\u0440\\u0438\\u044f\"]}}]"}}, {"model": "admin.logentry", "pk": 9, "fields": {"action_time": "2022-09-12T17:25:19.168Z", "user": 1, "content_type": 1, "object_id": "4", "object_repr": "Беконайзер", "action_flag": 2, "change_message": "[{\"changed\": {\"fields\": [\"\\u041a\\u0430\\u0442\\u0435\\u0433\\u043e\\u0440\\u0438\\u044f\"]}}]"}}, {"model": "admin.logentry", "pk": 10, "fields": {"action_time": "2022-09-12T17:25:26.942Z", "user": 1, "content_type": 1, "object_id": "3", "object_repr": "Тройной Воппер", "action_flag": 2, "change_message": "[{\"changed\": {\"fields\": [\"\\u041a\\u0430\\u0442\\u0435\\u0433\\u043e\\u0440\\u0438\\u044f\"]}}]"}}, {"model": "admin.logentry", "pk": 11, "fields": {"action_time": "2022-09-12T17:25:35.568Z", "user": 1, "content_type": 1, "object_id": "2", "object_repr": "Лонг Чизбургер", "action_flag": 2, "change_message": "[{\"changed\": {\"fields\": [\"\\u041a\\u0430\\u0442\\u0435\\u0433\\u043e\\u0440\\u0438\\u044f\"]}}]"}}, {"model": "admin.logentry", "pk": 12, "fields": {"action_time": "2022-09-12T17:25:48.941Z", "user": 1, "content_type": 1, "object_id": "1", "object_repr": "Стейкхаус", "action_flag": 2, "change_message": "[{\"changed\": {\"fields\": [\"\\u041a\\u0430\\u0442\\u0435\\u0433\\u043e\\u0440\\u0438\\u044f\"]}}]"}}, {"model": "admin.logentry", "pk": 13, "fields": {"action_time": "2022-09-12T17:29:07.438Z", "user": 1, "content_type": 1, "object_id": "6", "object_repr": "Шримп Ролл", "action_flag": 1, "change_message": "[{\"added\": {}}]"}}, {"model": "admin.logentry", "pk": 14, "fields": {"action_time": "2022-09-12T18:06:04.442Z", "user": 1, "content_type": 2, "object_id": "1", "object_repr": "Star Burger Арбат", "action_flag": 1, "change_message": "[{\"added\": {}}]"}}, {"model": "admin.logentry", "pk": 15, "fields": {"action_time": "2022-09-12T18:06:40.323Z", "user": 1, "content_type": 2, "object_id": "2", "object_repr": "Star Burger Цветной", "action_flag": 1, "change_message": "[{\"added\": {}}]"}}, {"model": "admin.logentry", "pk": 16, "fields": {"action_time": "2022-09-12T18:07:09.691Z", "user": 1, "content_type": 2, "object_id": "3", "object_repr": "Star Burger Европейский", "action_flag": 1, "change_message": "[{\"added\": {}}]"}}, {"model": "admin.logentry", "pk": 17, "fields": {"action_time": "2022-09-12T18:07:59.406Z", "user": 1, "content_type": 2, "object_id": "1", "object_repr": "Star Burger Арбат", "action_flag": 2, "change_message": "[{\"added\": {\"name\": \"\\u043f\\u0443\\u043d\\u043a\\u0442 \\u043c\\u0435\\u043d\\u044e \\u0440\\u0435\\u0441\\u0442\\u043e\\u0440\\u0430\\u043d\\u0430\", \"object\": \"Star Burger \\u0410\\u0440\\u0431\\u0430\\u0442 - \\u0421\\u0442\\u0435\\u0439\\u043a\\u0445\\u0430\\u0443\\u0441\"}}, {\"added\": {\"name\": \"\\u043f\\u0443\\u043d\\u043a\\u0442 \\u043c\\u0435\\u043d\\u044e \\u0440\\u0435\\u0441\\u0442\\u043e\\u0440\\u0430\\u043d\\u0430\", \"object\": \"Star Burger \\u0410\\u0440\\u0431\\u0430\\u0442 - \\u041b\\u043e\\u043d\\u0433 \\u0427\\u0438\\u0437\\u0431\\u0443\\u0440\\u0433\\u0435\\u0440\"}}, {\"added\": {\"name\": \"\\u043f\\u0443\\u043d\\u043a\\u0442 \\u043c\\u0435\\u043d\\u044e \\u0440\\u0435\\u0441\\u0442\\u043e\\u0440\\u0430\\u043d\\u0430\", \"object\": \"Star Burger \\u0410\\u0440\\u0431\\u0430\\u0442 - \\u0422\\u0440\\u043e\\u0439\\u043d\\u043e\\u0439 \\u0412\\u043e\\u043f\\u043f\\u0435\\u0440\"}}, {\"added\": {\"name\": \"\\u043f\\u0443\\u043d\\u043a\\u0442 \\u043c\\u0435\\u043d\\u044e \\u0440\\u0435\\u0441\\u0442\\u043e\\u0440\\u0430\\u043d\\u0430\", \"object\": \"Star Burger \\u0410\\u0440\\u0431\\u0430\\u0442 - \\u0411\\u0435\\u043a\\u043e\\u043d\\u0430\\u0439\\u0437\\u0435\\u0440\"}}, {\"added\": {\"name\": \"\\u043f\\u0443\\u043d\\u043a\\u0442 \\u043c\\u0435\\u043d\\u044e \\u0440\\u0435\\u0441\\u0442\\u043e\\u0440\\u0430\\u043d\\u0430\", \"object\": \"Star Burger \\u0410\\u0440\\u0431\\u0430\\u0442 - \\u0424\\u0438\\u0448 \\u0420\\u043e\\u043b\\u043b\"}}, {\"added\": {\"name\": \"\\u043f\\u0443\\u043d\\u043a\\u0442 \\u043c\\u0435\\u043d\\u044e \\u0440\\u0435\\u0441\\u0442\\u043e\\u0440\\u0430\\u043d\\u0430\", \"object\": \"Star Burger \\u0410\\u0440\\u0431\\u0430\\u0442 - \\u0428\\u0440\\u0438\\u043c\\u043f \\u0420\\u043e\\u043b\\u043b\"}}]"}}, {"model": "admin.logentry", "pk": 18, "fields": {"action_time": "2022-09-12T18:08:26.444Z", "user": 1, "content_type": 2, "object_id": "3", "object_repr": "Star Burger Европейский", "action_flag": 2, "change_message": "[{\"added\": {\"name\": \"\\u043f\\u0443\\u043d\\u043a\\u0442 \\u043c\\u0435\\u043d\\u044e \\u0440\\u0435\\u0441\\u0442\\u043e\\u0440\\u0430\\u043d\\u0430\", \"object\": \"Star Burger \\u0415\\u0432\\u0440\\u043e\\u043f\\u0435\\u0439\\u0441\\u043a\\u0438\\u0439 - \\u0421\\u0442\\u0435\\u0439\\u043a\\u0445\\u0430\\u0443\\u0441\"}}]"}}, {"model": "admin.logentry", "pk": 19, "fields": {"action_time": "2022-09-12T18:08:34.293Z", "user": 1, "content_type": 2, "object_id": "3", "object_repr": "Star Burger Европейский", "action_flag": 2, "change_message": "[{\"added\": {\"name\": \"\\u043f\\u0443\\u043d\\u043a\\u0442 \\u043c\\u0435\\u043d\\u044e \\u0440\\u0435\\u0441\\u0442\\u043e\\u0440\\u0430\\u043d\\u0430\", \"object\": \"Star Burger \\u0415\\u0432\\u0440\\u043e\\u043f\\u0435\\u0439\\u0441\\u043a\\u0438\\u0439 - \\u041b\\u043e\\u043d\\u0433 \\u0427\\u0438\\u0437\\u0431\\u0443\\u0440\\u0433\\u0435\\u0440\"}}]"}}, {"model": "admin.logentry", "pk": 20, "fields": {"action_time": "2022-09-12T18:08:58.388Z", "user": 1, "content_type": 2, "object_id": "3", "object_repr": "Star Burger Европейский", "action_flag": 2, "change_message": "[{\"added\": {\"name\": \"\\u043f\\u0443\\u043d\\u043a\\u0442 \\u043c\\u0435\\u043d\\u044e \\u0440\\u0435\\u0441\\u0442\\u043e\\u0440\\u0430\\u043d\\u0430\", \"object\": \"Star Burger \\u0415\\u0432\\u0440\\u043e\\u043f\\u0435\\u0439\\u0441\\u043a\\u0438\\u0439 - \\u0422\\u0440\\u043e\\u0439\\u043d\\u043e\\u0439 \\u0412\\u043e\\u043f\\u043f\\u0435\\u0440\"}}, {\"added\": {\"name\": \"\\u043f\\u0443\\u043d\\u043a\\u0442 \\u043c\\u0435\\u043d\\u044e \\u0440\\u0435\\u0441\\u0442\\u043e\\u0440\\u0430\\u043d\\u0430\", \"object\": \"Star Burger \\u0415\\u0432\\u0440\\u043e\\u043f\\u0435\\u0439\\u0441\\u043a\\u0438\\u0439 - \\u0411\\u0435\\u043a\\u043e\\u043d\\u0430\\u0439\\u0437\\u0435\\u0440\"}}, {\"added\": {\"name\": \"\\u043f\\u0443\\u043d\\u043a\\u0442 \\u043c\\u0435\\u043d\\u044e \\u0440\\u0435\\u0441\\u0442\\u043e\\u0440\\u0430\\u043d\\u0430\", \"object\": \"Star Burger \\u0415\\u0432\\u0440\\u043e\\u043f\\u0435\\u0439\\u0441\\u043a\\u0438\\u0439 - \\u0424\\u0438\\u0448 \\u0420\\u043e\\u043b\\u043b\"}}, {\"added\": {\"name\": \"\\u043f\\u0443\\u043d\\u043a\\u0442 \\u043c\\u0435\\u043d\\u044e \\u0440\\u0435\\u0441\\u0442\\u043e\\u0440\\u0430\\u043d\\u0430\", \"object\": \"Star Burger \\u0415\\u0432\\u0440\\u043e\\u043f\\u0435\\u0439\\u0441\\u043a\\u0438\\u0439 - \\u0428\\u0440\\u0438\\u043c\\u043f \\u0420\\u043e\\u043b\\u043b\"}}]"}}, {"model": "admin.logentry", "pk": 21, "fields": {"action_time": "2022-09-12T18:09:22.475Z", "user": 1, "content_type": 2, "object_id": "2", "object_repr": "Star Burger Цветной", "action_flag": 2, "change_message": "[{\"added\": {\"name\": \"\\u043f\\u0443\\u043d\\u043a\\u0442 \\u043c\\u0435\\u043d\\u044e \\u0440\\u0435\\u0441\\u0442\\u043e\\u0440\\u0430\\u043d\\u0430\", \"object\": \"Star Burger \\u0426\\u0432\\u0435\\u0442\\u043d\\u043e\\u0439 - \\u0421\\u0442\\u0435\\u0439\\u043a\\u0445\\u0430\\u0443\\u0441\"}}, {\"added\": {\"name\": \"\\u043f\\u0443\\u043d\\u043a\\u0442 \\u043c\\u0435\\u043d\\u044e \\u0440\\u0435\\u0441\\u0442\\u043e\\u0440\\u0430\\u043d\\u0430\", \"object\": \"Star Burger \\u0426\\u0432\\u0435\\u0442\\u043d\\u043e\\u0439 - \\u041b\\u043e\\u043d\\u0433 \\u0427\\u0438\\u0437\\u0431\\u0443\\u0440\\u0433\\u0435\\u0440\"}}, {\"added\": {\"name\": \"\\u043f\\u0443\\u043d\\u043a\\u0442 \\u043c\\u0435\\u043d\\u044e \\u0440\\u0435\\u0441\\u0442\\u043e\\u0440\\u0430\\u043d\\u0430\", \"object\": \"Star Burger \\u0426\\u0432\\u0435\\u0442\\u043d\\u043e\\u0439 - \\u0422\\u0440\\u043e\\u0439\\u043d\\u043e\\u0439 \\u0412\\u043e\\u043f\\u043f\\u0435\\u0440\"}}, {\"added\": {\"name\": \"\\u043f\\u0443\\u043d\\u043a\\u0442 \\u043c\\u0435\\u043d\\u044e \\u0440\\u0435\\u0441\\u0442\\u043e\\u0440\\u0430\\u043d\\u0430\", \"object\": \"Star Burger \\u0426\\u0432\\u0435\\u0442\\u043d\\u043e\\u0439 - \\u0411\\u0435\\u043a\\u043e\\u043d\\u0430\\u0439\\u0437\\u0435\\u0440\"}}, {\"added\": {\"name\": \"\\u043f\\u0443\\u043d\\u043a\\u0442 \\u043c\\u0435\\u043d\\u044e \\u0440\\u0435\\u0441\\u0442\\u043e\\u0440\\u0430\\u043d\\u0430\", \"object\": \"Star Burger \\u0426\\u0432\\u0435\\u0442\\u043d\\u043e\\u0439 - \\u0424\\u0438\\u0448 \\u0420\\u043e\\u043b\\u043b\"}}, {\"added\": {\"name\": \"\\u043f\\u0443\\u043d\\u043a\\u0442 \\u043c\\u0435\\u043d\\u044e \\u0440\\u0435\\u0441\\u0442\\u043e\\u0440\\u0430\\u043d\\u0430\", \"object\": \"Star Burger \\u0426\\u0432\\u0435\\u0442\\u043d\\u043e\\u0439 - \\u0428\\u0440\\u0438\\u043c\\u043f \\u0420\\u043e\\u043b\\u043b\"}}]"}}, {"model": "admin.logentry", "pk": 22, "fields": {"action_time": "2022-09-18T18:39:33.850Z", "user": 1, "content_type": 11, "object_id": "15", "object_repr": "Order object (15)", "action_flag": 3, "change_message": ""}}, {"model": "admin.logentry", "pk": 23, "fields": {"action_time": "2022-09-18T18:39:33.881Z", "user": 1, "content_type": 11, "object_id": "14", "object_repr": "Order object (14)", "action_flag": 3, "change_message": ""}}, {"model": "admin.logentry", "pk": 24, "fields": {"action_time": "2022-09-18T18:39:33.907Z", "user": 1, "content_type": 11, "object_id": "13", "object_repr": "Order object (13)", "action_flag": 3, "change_message": ""}}, {"model": "admin.logentry", "pk": 25, "fields": {"action_time": "2022-09-18T18:39:33.932Z", "user": 1, "content_type": 11, "object_id": "12", "object_repr": "Order object (12)", "action_flag": 3, "change_message": ""}}, {"model": "admin.logentry", "pk": 26, "fields": {"action_time": "2022-09-18T18:39:33.958Z", "user": 1, "content_type": 11, "object_id": "11", "object_repr": "Order object (11)", "action_flag": 3, "change_message": ""}}, {"model": "admin.logentry", "pk": 27, "fields": {"action_time": "2022-09-18T18:39:33.985Z", "user": 1, "content_type": 11, "object_id": "10", "object_repr": "Order object (10)", "action_flag": 3, "change_message": ""}}, {"model": "admin.logentry", "pk": 28, "fields": {"action_time": "2022-09-18T18:39:34.010Z", "user": 1, "content_type": 11, "object_id": "9", "object_repr": "Order object (9)", "action_flag": 3, "change_message": ""}}, {"model": "admin.logentry", "pk": 29, "fields": {"action_time": "2022-09-18T18:39:34.039Z", "user": 1, "content_type": 11, "object_id": "8", "object_repr": "Order object (8)", "action_flag": 3, "change_message": ""}}, {"model": "admin.logentry", "pk": 30, "fields": {"action_time": "2022-09-19T15:00:50.934Z", "user": 1, "content_type": 11, "object_id": "16", "object_repr": "Order object (16)", "action_flag": 3, "change_message": ""}}, {"model": "admin.logentry", "pk": 31, "fields": {"action_time": "2022-09-19T15:30:57.990Z", "user": 1, "content_type": 11, "object_id": "20", "object_repr": "Order object (20)", "action_flag": 3, "change_message": ""}}, {"model": "admin.logentry", "pk": 32, "fields": {"action_time": "2022-09-19T15:30:58.021Z", "user": 1, "content_type": 11, "object_id": "19", "object_repr": "Order object (19)", "action_flag": 3, "change_message": ""}}, {"model": "admin.logentry", "pk": 33, "fields": {"action_time": "2022-09-19T15:38:18.408Z", "user": 1, "content_type": 11, "object_id": "21", "object_repr": "Order object (21)", "action_flag": 3, "change_message": ""}}, {"model": "admin.logentry", "pk": 34, "fields": {"action_time": "2022-09-19T15:39:19.222Z", "user": 1, "content_type": 11, "object_id": "22", "object_repr": "Order object (22)", "action_flag": 3, "change_message": ""}}, {"model": "admin.logentry", "pk": 35, "fields": {"action_time": "2022-09-19T15:39:50.492Z", "user": 1, "content_type": 11, "object_id": "23", "object_repr": "Order object (23)", "action_flag": 3, "change_message": ""}}, {"model": "admin.logentry", "pk": 36, "fields": {"action_time": "2022-09-19T16:20:09.963Z", "user": 1, "content_type": 11, "object_id": "24", "object_repr": "Order object (24)", "action_flag": 3, "change_message": ""}}, {"model": "admin.logentry", "pk": 37, "fields": {"action_time": "2022-09-19T16:47:43.905Z", "user": 1, "content_type": 11, "object_id": "28", "object_repr": "Order object (28)", "action_flag": 3, "change_message": ""}}, {"model": "admin.logentry", "pk": 38, "fields": {"action_time": "2022-09-19T16:47:43.933Z", "user": 1, "content_type": 11, "object_id": "27", "object_repr": "Order object (27)", "action_flag": 3, "change_message": ""}}, {"model": "admin.logentry", "pk": 39, "fields": {"action_time": "2022-09-19T16:47:43.960Z", "user": 1, "content_type": 11, "object_id": "26", "object_repr": "Order object (26)", "action_flag": 3, "change_message": ""}}, {"model": "admin.logentry", "pk": 40, "fields": {"action_time": "2022-09-19T16:47:43.987Z", "user": 1, "content_type": 11, "object_id": "25", "object_repr": "Order object (25)", "action_flag": 3, "change_message": ""}}, {"model": "admin.logentry", "pk": 41, "fields": {"action_time": "2022-09-19T19:16:16.887Z", "user": 1, "content_type": 11, "object_id": "1", "object_repr": "Order object (1)", "action_flag": 3, "change_message": ""}}, {"model": "admin.logentry", "pk": 42, "fields": {"action_time": "2022-09-19T19:16:22.163Z", "user": 1, "content_type": 11, "object_id": "2", "object_repr": "Order object (2)", "action_flag": 3, "change_message": ""}}, {"model": "admin.logentry", "pk": 43, "fields": {"action_time": "2022-09-19T19:16:27.061Z", "user": 1, "content_type": 11, "object_id": "3", "object_repr": "Order object (3)", "action_flag": 3, "change_message": ""}}, {"model": "admin.logentry", "pk": 44, "fields": {"action_time": "2022-09-19T19:16:31.896Z", "user": 1, "content_type": 11, "object_id": "4", "object_repr": "Order object (4)", "action_flag": 3, "change_message": ""}}, {"model": "admin.logentry", "pk": 45, "fields": {"action_time": "2022-09-19T19:16:36.710Z", "user": 1, "content_type": 11, "object_id": "5", "object_repr": "Order object (5)", "action_flag": 3, "change_message": ""}}, {"model": "admin.logentry", "pk": 46, "fields": {"action_time": "2022-09-20T18:05:52.412Z", "user": 1, "content_type": 1, "object_id": "1", "object_repr": "Стейкхаус", "action_flag": 2, "change_message": "[{\"changed\": {\"fields\": [\"\\u0426\\u0435\\u043d\\u0430\"]}}]"}}, {"model": "admin.logentry", "pk": 47, "fields": {"action_time": "2022-09-20T18:06:29.039Z", "user": 1, "content_type": 1, "object_id": "1", "object_repr": "Стейкхаус", "action_flag": 2, "change_message": "[{\"changed\": {\"fields\": [\"\\u0426\\u0435\\u043d\\u0430\"]}}]"}}, {"model": "admin.logentry", "pk": 48, "fields": {"action_time": "2022-09-20T18:06:34.933Z", "user": 1, "content_type": 1, "object_id": "1", "object_repr": "Стейкхаус", "action_flag": 2, "change_message": "[]"}}, {"model": "admin.logentry", "pk": 49, "fields": {"action_time": "2022-09-22T15:40:08.058Z", "user": 1, "content_type": 11, "object_id": "29", "object_repr": "Order object (29)", "action_flag": 1, "change_message": "[{\"added\": {}}, {\"added\": {\"name\": \"order item\", \"object\": \"OrderItem object (12)\"}}]"}}, {"model": "admin.logentry", "pk": 50, "fields": {"action_time": "2022-09-22T15:41:07.069Z", "user": 1, "content_type": 11, "object_id": "29", "object_repr": "Order object (29)", "action_flag": 3, "change_message": ""}}, {"model": "admin.logentry", "pk": 51, "fields": {"action_time": "2022-09-22T15:41:36.152Z", "user": 1, "content_type": 11, "object_id": "30", "object_repr": "Order object (30)", "action_flag": 1, "change_message": "[{\"added\": {}}, {\"added\": {\"name\": \"order item\", \"object\": \"OrderItem object (13)\"}}]"}}, {"model": "admin.logentry", "pk": 52, "fields": {"action_time": "2022-09-22T16:51:51.032Z", "user": 1, "content_type": 1, "object_id": "4", "object_repr": "Беконайзер", "action_flag": 2, "change_message": "[{\"changed\": {\"fields\": [\"\\u0426\\u0435\\u043d\\u0430\"]}}]"}}, {"model": "admin.logentry", "pk": 53, "fields": {"action_time": "2022-09-22T16:52:19.479Z", "user": 1, "content_type": 11, "object_id": "33", "object_repr": "Order object (33)", "action_flag": 2, "change_message": "[{\"changed\": {\"fields\": [\"\\u0418\\u043c\\u044f\", \"\\u0424\\u0430\\u043c\\u0438\\u043b\\u0438\\u044f\"]}}]"}}, {"model": "admin.logentry", "pk": 54, "fields": {"action_time": "2022-09-22T16:52:46.672Z", "user": 1, "content_type": 1, "object_id": "4", "object_repr": "Беконайзер", "action_flag": 2, "change_message": "[{\"changed\": {\"fields\": [\"\\u0426\\u0435\\u043d\\u0430\"]}}]"}}, {"model": "admin.logentry", "pk": 55, "fields": {"action_time": "2022-09-22T19:45:41.053Z", "user": 1, "content_type": 11, "object_id": "33", "object_repr": "Order object (33)", "action_flag": 2, "change_message": "[]"}}, {"model": "admin.logentry", "pk": 56, "fields": {"action_time": "2022-09-26T14:00:14.017Z", "user": 1, "content_type": 11, "object_id": "6", "object_repr": "Order object (6)", "action_flag": 2, "change_message": "[{\"changed\": {\"fields\": [\"\\u0418\\u043c\\u044f\"]}}]"}}, {"model": "admin.logentry", "pk": 57, "fields": {"action_time": "2022-09-26T14:26:44.889Z", "user": 1, "content_type": 11, "object_id": "6", "object_repr": "Order object (6)", "action_flag": 2, "change_message": "[{\"changed\": {\"fields\": [\"\\u0418\\u043c\\u044f\"]}}]"}}, {"model": "admin.logentry", "pk": 58, "fields": {"action_time": "2022-09-26T14:28:31.275Z", "user": 1, "content_type": 11, "object_id": "33", "object_repr": "Order object (33)", "action_flag": 2, "change_message": "[{\"added\": {\"name\": \"order item\", \"object\": \"OrderItem object (18)\"}}]"}}, {"model": "admin.logentry", "pk": 59, "fields": {"action_time": "2022-09-26T14:29:19.166Z", "user": 1, "content_type": 11, "object_id": "6", "object_repr": "Order object (6)", "action_flag": 2, "change_message": "[{\"changed\": {\"fields\": [\"\\u0424\\u0430\\u043c\\u0438\\u043b\\u0438\\u044f\"]}}]"}}, {"model": "admin.logentry", "pk": 60, "fields": {"action_time": "2022-09-26T14:30:07.681Z", "user": 1, "content_type": 11, "object_id": "7", "object_repr": "Order object (7)", "action_flag": 2, "change_message": "[{\"changed\": {\"fields\": [\"\\u0424\\u0430\\u043c\\u0438\\u043b\\u0438\\u044f\"]}}]"}}, {"model": "admin.logentry", "pk": 61, "fields": {"action_time": "2022-09-26T14:35:13.251Z", "user": 1, "content_type": 11, "object_id": "17", "object_repr": "Order object (17)", "action_flag": 2, "change_message": "[{\"changed\": {\"fields\": [\"\\u0424\\u0430\\u043c\\u0438\\u043b\\u0438\\u044f\"]}}]"}}, {"model": "admin.logentry", "pk": 62, "fields": {"action_time": "2022-09-26T14:36:15.757Z", "user": 1, "content_type": 11, "object_id": "33", "object_repr": "Order object (33)", "action_flag": 2, "change_message": "[{\"changed\": {\"fields\": [\"\\u0418\\u043c\\u044f\"]}}]"}}, {"model": "admin.logentry", "pk": 63, "fields": {"action_time": "2022-09-26T14:36:44.728Z", "user": 1, "content_type": 11, "object_id": "33", "object_repr": "Order object (33)", "action_flag": 2, "change_message": "[{\"changed\": {\"fields\": [\"\\u0424\\u0430\\u043c\\u0438\\u043b\\u0438\\u044f\"]}}]"}}, {"model": "admin.logentry", "pk": 64, "fields": {"action_time": "2022-09-26T14:52:48.695Z", "user": 1, "content_type": 11, "object_id": "7", "object_repr": "Order object (7)", "action_flag": 2, "change_message": "[{\"changed\": {\"fields\": [\"\\u0424\\u0430\\u043c\\u0438\\u043b\\u0438\\u044f\"]}}]"}}, {"model": "admin.logentry", "pk": 65, "fields": {"action_time": "2022-09-26T14:58:53.107Z", "user": 1, "content_type": 11, "object_id": "33", "object_repr": "Order object (33)", "action_flag": 2, "change_message": "[{\"changed\": {\"name\": \"order item\", \"object\": \"OrderItem object (18)\", \"fields\": [\"Item price\"]}}]"}}, {"model": "admin.logentry", "pk": 66, "fields": {"action_time": "2022-09-26T15:00:44.412Z", "user": 1, "content_type": 11, "object_id": "6", "object_repr": "Order object (6)", "action_flag": 2, "change_message": "[{\"changed\": {\"fields\": [\"\\u0424\\u0430\\u043c\\u0438\\u043b\\u0438\\u044f\"]}}]"}}, {"model": "admin.logentry", "pk": 67, "fields": {"action_time": "2022-09-26T15:09:39.612Z", "user": 1, "content_type": 11, "object_id": "6", "object_repr": "Order object (6)", "action_flag": 2, "change_message": "[{\"changed\": {\"fields\": [\"\\u0424\\u0430\\u043c\\u0438\\u043b\\u0438\\u044f\"]}}]"}}, {"model": "admin.logentry", "pk": 68, "fields": {"action_time": "2022-09-26T15:22:39.006Z", "user": 1, "content_type": 11, "object_id": "33", "object_repr": "Order object (33)", "action_flag": 2, "change_message": "[{\"changed\": {\"fields\": [\"\\u0424\\u0430\\u043c\\u0438\\u043b\\u0438\\u044f\"]}}]"}}, {"model": "admin.logentry", "pk": 69, "fields": {"action_time": "2022-09-26T15:37:28.476Z", "user": 1, "content_type": 11, "object_id": "17", "object_repr": "Order object (17)", "action_flag": 2, "change_message": "[{\"changed\": {\"fields\": [\"\\u0410\\u0434\\u0440\\u0435\\u0441\"]}}]"}}, {"model": "admin.logentry", "pk": 70, "fields": {"action_time": "2022-09-26T15:39:33.537Z", "user": 1, "content_type": 11, "object_id": "6", "object_repr": "Order object (6)", "action_flag": 2, "change_message": "[{\"changed\": {\"fields\": [\"\\u0424\\u0430\\u043c\\u0438\\u043b\\u0438\\u044f\"]}}]"}}, {"model": "admin.logentry", "pk": 71, "fields": {"action_time": "2022-09-27T16:32:45.235Z", "user": 1, "content_type": 11, "object_id": "33", "object_repr": "Order object (33)", "action_flag": 2, "change_message": "[{\"changed\": {\"fields\": [\"\\u0421\\u0442\\u0430\\u0442\\u0443\\u0441 \\u0437\\u0430\\u043a\\u0430\\u0437\\u0430\"]}}]"}}, {"model": "admin.logentry", "pk": 72, "fields": {"action_time": "2022-09-27T16:35:20.253Z", "user": 1, "content_type": 11, "object_id": "33", "object_repr": "Order object (33)", "action_flag": 2, "change_message": "[{\"changed\": {\"fields\": [\"\\u0421\\u0442\\u0430\\u0442\\u0443\\u0441 \\u0437\\u0430\\u043a\\u0430\\u0437\\u0430\"]}}]"}}, {"model": "admin.logentry", "pk": 73, "fields": {"action_time": "2022-09-28T13:45:29.520Z", "user": 1, "content_type": 11, "object_id": "32", "object_repr": "Order object (32)", "action_flag": 2, "change_message": "[{\"changed\": {\"fields\": [\"\\u041e\\u0431\\u0440\\u0430\\u0431\\u043e\\u0442\\u0430\\u043d\"]}}]"}}, {"model": "admin.logentry", "pk": 74, "fields": {"action_time": "2022-09-29T20:50:19.167Z", "user": 1, "content_type": 2, "object_id": "3", "object_repr": "Star Burger Европейский", "action_flag": 2, "change_message": "[{\"changed\": {\"name\": \"\\u043f\\u0443\\u043d\\u043a\\u0442 \\u043c\\u0435\\u043d\\u044e \\u0440\\u0435\\u0441\\u0442\\u043e\\u0440\\u0430\\u043d\\u0430\", \"object\": \"Star Burger \\u0415\\u0432\\u0440\\u043e\\u043f\\u0435\\u0439\\u0441\\u043a\\u0438\\u0439 - \\u0421\\u0442\\u0435\\u0439\\u043a\\u0445\\u0430\\u0443\\u0441\", \"fields\": [\"\\u0412 \\u043f\\u0440\\u043e\\u0434\\u0430\\u0436\\u0435\"]}}, {\"changed\": {\"name\": \"\\u043f\\u0443\\u043d\\u043a\\u0442 \\u043c\\u0435\\u043d\\u044e \\u0440\\u0435\\u0441\\u0442\\u043e\\u0440\\u0430\\u043d\\u0430\", \"object\": \"Star Burger \\u0415\\u0432\\u0440\\u043e\\u043f\\u0435\\u0439\\u0441\\u043a\\u0438\\u0439 - \\u041b\\u043e\\u043d\\u0433 \\u0427\\u0438\\u0437\\u0431\\u0443\\u0440\\u0433\\u0435\\u0440\", \"fields\": [\"\\u0412 \\u043f\\u0440\\u043e\\u0434\\u0430\\u0436\\u0435\"]}}]"}}, {"model": "admin.logentry", "pk": 75, "fields": {"action_time": "2022-09-29T20:50:58.430Z", "user": 1, "content_type": 2, "object_id": "3", "object_repr": "Star Burger Европейский", "action_flag": 2, "change_message": "[{\"changed\": {\"name\": \"\\u043f\\u0443\\u043d\\u043a\\u0442 \\u043c\\u0435\\u043d\\u044e \\u0440\\u0435\\u0441\\u0442\\u043e\\u0440\\u0430\\u043d\\u0430\", \"object\": \"Star Burger \\u0415\\u0432\\u0440\\u043e\\u043f\\u0435\\u0439\\u0441\\u043a\\u0438\\u0439 - \\u0421\\u0442\\u0435\\u0439\\u043a\\u0445\\u0430\\u0443\\u0441\", \"fields\": [\"\\u0412 \\u043f\\u0440\\u043e\\u0434\\u0430\\u0436\\u0435\"]}}, {\"changed\": {\"name\": \"\\u043f\\u0443\\u043d\\u043a\\u0442 \\u043c\\u0435\\u043d\\u044e \\u0440\\u0435\\u0441\\u0442\\u043e\\u0440\\u0430\\u043d\\u0430\", \"object\": \"Star Burger \\u0415\\u0432\\u0440\\u043e\\u043f\\u0435\\u0439\\u0441\\u043a\\u0438\\u0439 - \\u041b\\u043e\\u043d\\u0433 \\u0427\\u0438\\u0437\\u0431\\u0443\\u0440\\u0433\\u0435\\u0440\", \"fields\": [\"\\u0412 \\u043f\\u0440\\u043e\\u0434\\u0430\\u0436\\u0435\"]}}]"}}, {"model": "admin.logentry", "pk": 76, "fields": {"action_time": "2022-09-29T20:52:19.366Z", "user": 1, "content_type": 2, "object_id": "3", "object_repr": "Star Burger Европейский", "action_flag": 2, "change_message": "[{\"changed\": {\"name\": \"\\u043f\\u0443\\u043d\\u043a\\u0442 \\u043c\\u0435\\u043d\\u044e \\u0440\\u0435\\u0441\\u0442\\u043e\\u0440\\u0430\\u043d\\u0430\", \"object\": \"Star Burger \\u0415\\u0432\\u0440\\u043e\\u043f\\u0435\\u0439\\u0441\\u043a\\u0438\\u0439 - \\u0421\\u0442\\u0435\\u0439\\u043a\\u0445\\u0430\\u0443\\u0441\", \"fields\": [\"\\u0412 \\u043f\\u0440\\u043e\\u0434\\u0430\\u0436\\u0435\"]}}]"}}, {"model": "admin.logentry", "pk": 77, "fields": {"action_time": "2022-09-29T21:03:11.339Z", "user": 1, "content_type": 2, "object_id": "3", "object_repr": "Star Burger Европейский", "action_flag": 2, "change_message": "[{\"changed\": {\"name\": \"\\u043f\\u0443\\u043d\\u043a\\u0442 \\u043c\\u0435\\u043d\\u044e \\u0440\\u0435\\u0441\\u0442\\u043e\\u0440\\u0430\\u043d\\u0430\", \"object\": \"Star Burger \\u0415\\u0432\\u0440\\u043e\\u043f\\u0435\\u0439\\u0441\\u043a\\u0438\\u0439 - \\u041b\\u043e\\u043d\\u0433 \\u0427\\u0438\\u0437\\u0431\\u0443\\u0440\\u0433\\u0435\\u0440\", \"fields\": [\"\\u0412 \\u043f\\u0440\\u043e\\u0434\\u0430\\u0436\\u0435\"]}}]"}}, {"model": "admin.logentry", "pk": 78, "fields": {"action_time": "2022-10-10T04:32:34.447Z", "user": 1, "content_type": 11, "object_id": "6", "object_repr": "Order object (6)", "action_flag": 2, "change_message": "[{\"changed\": {\"fields\": [\"Restaurants\"]}}]"}}, {"model": "admin.logentry", "pk": 79, "fields": {"action_time": "2022-10-10T04:40:24.213Z", "user": 1, "content_type": 11, "object_id": "6", "object_repr": "Order object (6)", "action_flag": 2, "change_message": "[]"}}, {"model": "admin.logentry", "pk": 80, "fields": {"action_time": "2022-10-10T04:40:38.052Z", "user": 1, "content_type": 11, "object_id": "6", "object_repr": "Order object (6)", "action_flag": 2, "change_message": "[{\"changed\": {\"fields\": [\"\\u0421\\u0442\\u0430\\u0442\\u0443\\u0441 \\u0437\\u0430\\u043a\\u0430\\u0437\\u0430\"]}}]"}}, {"model": "admin.logentry", "pk": 81, "fields": {"action_time": "2022-10-10T05:01:50.632Z", "user": 1, "content_type": 11, "object_id": "32", "object_repr": "Order object (32)", "action_flag": 2, "change_message": "[{\"changed\": {\"fields\": [\"\\u0421\\u0442\\u0430\\u0442\\u0443\\u0441 \\u0437\\u0430\\u043a\\u0430\\u0437\\u0430\", \"Restaurants\"]}}]"}}, {"model": "admin.logentry", "pk": 82, "fields": {"action_time": "2022-10-10T23:34:34.954Z", "user": 1, "content_type": 11, "object_id": "7", "object_repr": "Order object (7)", "action_flag": 2, "change_message": "[{\"changed\": {\"fields\": [\"\\u0410\\u0434\\u0440\\u0435\\u0441\"]}}]"}}, {"model": "admin.logentry", "pk": 83, "fields": {"action_time": "2022-10-10T23:49:37.778Z", "user": 1, "content_type": 11, "object_id": "17", "object_repr": "Order object (17)", "action_flag": 2, "change_message": "[{\"changed\": {\"fields\": [\"\\u0410\\u0434\\u0440\\u0435\\u0441\"]}}]"}}, {"model": "admin.logentry", "pk": 84, "fields": {"action_time": "2022-10-10T23:53:42.592Z", "user": 1, "content_type": 11, "object_id": "7", "object_repr": "Order object (7)", "action_flag": 2, "change_message": "[{\"changed\": {\"fields\": [\"\\u0410\\u0434\\u0440\\u0435\\u0441\"]}}]"}}, {"model": "admin.logentry", "pk": 85, "fields": {"action_time": "2022-10-14T06:48:56.076Z", "user": 1, "content_type": 11, "object_id": "7", "object_repr": "Order object (7)", "action_flag": 2, "change_message": "[]"}}, {"model": "admin.logentry", "pk": 86, "fields": {"action_time": "2022-10-14T06:49:12.796Z", "user": 1, "content_type": 11, "object_id": "7", "object_repr": "Order object (7)", "action_flag": 2, "change_message": "[]"}}, {"model": "admin.logentry", "pk": 87, "fields": {"action_time": "2022-10-14T06:59:53.525Z", "user": 1, "content_type": 11, "object_id": "7", "object_repr": "Order object (7)", "action_flag": 2, "change_message": "[]"}}, {"model": "admin.logentry", "pk": 88, "fields": {"action_time": "2022-10-14T17:04:47.769Z", "user": 1, "content_type": 11, "object_id": "17", "object_repr": "Order object (17)", "action_flag": 2, "change_message": "[]"}}, {"model": "admin.logentry", "pk": 89, "fields": {"action_time": "2022-10-14T17:07:45.684Z", "user": 1, "content_type": 11, "object_id": "7", "object_repr": "Order object (7)", "action_flag": 2, "change_message": "[]"}}, {"model": "admin.logentry", "pk": 90, "fields": {"action_time": "2022-10-16T17:23:16.263Z", "user": 1, "content_type": 11, "object_id": "7", "object_repr": "Order object (7)", "action_flag": 2, "change_message": "[]"}}, {"model": "admin.logentry", "pk": 91, "fields": {"action_time": "2022-10-16T17:50:03.635Z", "user": 1, "content_type": 11, "object_id": "33", "object_repr": "Order object (33)", "action_flag": 2, "change_message": "[{\"changed\": {\"fields\": [\"\\u0424\\u0430\\u043c\\u0438\\u043b\\u0438\\u044f\"]}}]"}}, {"model": "admin.logentry", "pk": 92, "fields": {"action_time": "2022-10-16T17:50:38.603Z", "user": 1, "content_type": 11, "object_id": "33", "object_repr": "Order object (33)", "action_flag": 2, "change_message": "[{\"changed\": {\"fields\": [\"\\u0424\\u0430\\u043c\\u0438\\u043b\\u0438\\u044f\"]}}]"}}, {"model": "admin.logentry", "pk": 93, "fields": {"action_time": "2022-10-27T20:52:58.194Z", "user": 1, "content_type": 11, "object_id": "37", "object_repr": "Order object (37)", "action_flag": 2, "change_message": "[{\"added\": {\"name\": \"order item\", \"object\": \"OrderItem object (25)\"}}]"}}, {"model": "admin.logentry", "pk": 94, "fields": {"action_time": "2022-10-27T20:53:53.335Z", "user": 1, "content_type": 11, "object_id": "37", "object_repr": "Order object (37)", "action_flag": 2, "change_message": "[{\"deleted\": {\"name\": \"order item\", \"object\": \"OrderItem object (None)\"}}]"}}, {"model": "admin.logentry", "pk": 95, "fields": {"action_time": "2022-10-30T14:15:30.548Z", "user": 1, "content_type": 11, "object_id": "41", "object_repr": "Order object (41)", "action_flag": 3, "change_message": ""}}, {"model": "admin.logentry", "pk": 96, "fields": {"action_time": "2022-10-30T14:15:50.425Z", "user": 1, "content_type": 11, "object_id": "42", "object_repr": "Order object (42)", "action_flag": 3, "change_message": ""}}, {"model": "admin.logentry", "pk": 97, "fields": {"action_time": "2022-10-30T14:15:50.450Z", "user": 1, "content_type": 11, "object_id": "43", "object_repr": "Order object (43)", "action_flag": 3, "change_message": ""}}, {"model": "admin.logentry", "pk": 98, "fields": {"action_time": "2022-10-30T14:15:50.475Z", "user": 1, "content_type": 11, "object_id": "44", "object_repr": "Order object (44)", "action_flag": 3, "change_message": ""}}, {"model": "admin.logentry", "pk": 99, "fields": {"action_time": "2022-10-30T14:15:50.499Z", "user": 1, "content_type": 11, "object_id": "45", "object_repr": "Order object (45)", "action_flag": 3, "change_message": ""}}, {"model": "admin.logentry", "pk": 100, "fields": {"action_time": "2022-10-30T14:15:50.523Z", "user": 1, "content_type": 11, "object_id": "46", "object_repr": "Order object (46)", "action_flag": 3, "change_message": ""}}, {"model": "admin.logentry", "pk": 101, "fields": {"action_time": "2022-10-30T14:15:50.547Z", "user": 1, "content_type": 11, "object_id": "47", "object_repr": "Order object (47)", "action_flag": 3, "change_message": ""}}, {"model": "admin.logentry", "pk": 102, "fields": {"action_time": "2022-10-30T14:15:50.571Z", "user": 1, "content_type": 11, "object_id": "48", "object_repr": "Order object (48)", "action_flag": 3, "change_message": ""}}, {"model": "admin.logentry", "pk": 103, "fields": {"action_time": "2022-10-30T16:35:45.667Z", "user": 1, "content_type": 11, "object_id": "7", "object_repr": "Order object (7)", "action_flag": 2, "change_message": "[{\"changed\": {\"fields\": [\"\\u0421\\u0442\\u0430\\u0442\\u0443\\u0441 \\u0437\\u0430\\u043a\\u0430\\u0437\\u0430\"]}}]"}}, {"model": "auth.permission", "pk": 1, "fields": {"name": "Can add товар", "content_type": 1, "codename": "add_product"}}, {"model": "auth.permission", "pk": 2, "fields": {"name": "Can change товар", "content_type": 1, "codename": "change_product"}}, {"model": "auth.permission", "pk": 3, "fields": {"name": "Can delete товар", "content_type": 1, "codename": "delete_product"}}, {"model": "auth.permission", "pk": 4, "fields": {"name": "Can view товар", "content_type": 1, "codename": "view_product"}}, {"model": "auth.permission", "pk": 5, "fields": {"name": "Can add ресторан", "content_type": 2, "codename": "add_restaurant"}}, {"model": "auth.permission", "pk": 6, "fields": {"name": "Can change ресторан", "content_type": 2, "codename": "change_restaurant"}}, {"model": "auth.permission", "pk": 7, "fields": {"name": "Can delete ресторан", "content_type": 2, "codename": "delete_restaurant"}}, {"model": "auth.permission", "pk": 8, "fields": {"name": "Can view ресторан", "content_type": 2, "codename": "view_restaurant"}}, {"model": "auth.permission", "pk": 9, "fields": {"name": "Can add пункт меню ресторана", "content_type": 3, "codename": "add_restaurantmenuitem"}}, {"model": "auth.permission", "pk": 10, "fields": {"name": "Can change пункт меню ресторана", "content_type": 3, "codename": "change_restaurantmenuitem"}}, {"model": "auth.permission", "pk": 11, "fields": {"name": "Can delete пункт меню ресторана", "content_type": 3, "codename": "delete_restaurantmenuitem"}}, {"model": "auth.permission", "pk": 12, "fields": {"name": "Can view пункт меню ресторана", "content_type": 3, "codename": "view_restaurantmenuitem"}}, {"model": "auth.permission", "pk": 13, "fields": {"name": "Can add категория", "content_type": 4, "codename": "add_productcategory"}}, {"model": "auth.permission", "pk": 14, "fields": {"name": "Can change категория", "content_type": 4, "codename": "change_productcategory"}}, {"model": "auth.permission", "pk": 15, "fields": {"name": "Can delete категория", "content_type": 4, "codename": "delete_productcategory"}}, {"model": "auth.permission", "pk": 16, "fields": {"name": "Can view категория", "content_type": 4, "codename": "view_productcategory"}}, {"model": "auth.permission", "pk": 17, "fields": {"name": "Can add log entry", "content_type": 5, "codename": "add_logentry"}}, {"model": "auth.permission", "pk": 18, "fields": {"name": "Can change log entry", "content_type": 5, "codename": "change_logentry"}}, {"model": "auth.permission", "pk": 19, "fields": {"name": "Can delete log entry", "content_type": 5, "codename": "delete_logentry"}}, {"model": "auth.permission", "pk": 20, "fields": {"name": "Can view log entry", "content_type": 5, "codename": "view_logentry"}}, {"model": "auth.permission", "pk": 21, "fields": {"name": "Can add permission", "content_type": 6, "codename": "add_permission"}}, {"model": "auth.permission", "pk": 22, "fields": {"name": "Can change permission", "content_type": 6, "codename": "change_permission"}}, {"model": "auth.permission", "pk": 23, "fields": {"name": "Can delete permission", "content_type": 6, "codename": "delete_permission"}}, {"model": "auth.permission", "pk": 24, "fields": {"name": "Can view permission", "content_type": 6, "codename": "view_permission"}}, {"model": "auth.permission", "pk": 25, "fields": {"name": "Can add group", "content_type": 7, "codename": "add_group"}}, {"model": "auth.permission", "pk": 26, "fields": {"name": "Can change group", "content_type": 7, "codename": "change_group"}}, {"model": "auth.permission", "pk": 27, "fields": {"name": "Can delete group", "content_type": 7, "codename": "delete_group"}}, {"model": "auth.permission", "pk": 28, "fields": {"name": "Can view group", "content_type": 7, "codename": "view_group"}}, {"model": "auth.permission", "pk": 29, "fields": {"name": "Can add user", "content_type": 8, "codename": "add_user"}}, {"model": "auth.permission", "pk": 30, "fields": {"name": "Can change user", "content_type": 8, "codename": "change_user"}}, {"model": "auth.permission", "pk": 31, "fields": {"name": "Can delete user", "content_type": 8, "codename": "delete_user"}}, {"model": "auth.permission", "pk": 32, "fields": {"name": "Can view user", "content_type": 8, "codename": "view_user"}}, {"model": "auth.permission", "pk": 33, "fields": {"name": "Can add content type", "content_type": 9, "codename": "add_contenttype"}}, {"model": "auth.permission", "pk": 34, "fields": {"name": "Can change content type", "content_type": 9, "codename": "change_contenttype"}}, {"model": "auth.permission", "pk": 35, "fields": {"name": "Can delete content type", "content_type": 9, "codename": "delete_contenttype"}}, {"model": "auth.permission", "pk": 36, "fields": {"name": "Can view content type", "content_type": 9, "codename": "view_contenttype"}}, {"model": "auth.permission", "pk": 37, "fields": {"name": "Can add session", "content_type": 10, "codename": "add_session"}}, {"model": "auth.permission", "pk": 38, "fields": {"name": "Can change session", "content_type": 10, "codename": "change_session"}}, {"model": "auth.permission", "pk": 39, "fields": {"name": "Can delete session", "content_type": 10, "codename": "delete_session"}}, {"model": "auth.permission", "pk": 40, "fields": {"name": "Can view session", "content_type": 10, "codename": "view_session"}}, {"model": "auth.permission", "pk": 41, "fields": {"name": "Can add ('Заказ',)", "content_type": 11, "codename": "add_order"}}, {"model": "auth.permission", "pk": 42, "fields": {"name": "Can change ('Заказ',)", "content_type": 11, "codename": "change_order"}}, {"model": "auth.permission", "pk": 43, "fields": {"name": "Can delete ('Заказ',)", "content_type": 11, "codename": "delete_order"}}, {"model": "auth.permission", "pk": 44, "fields": {"name": "Can view ('Заказ',)", "content_type": 11, "codename": "view_order"}}, {"model": "auth.permission", "pk": 45, "fields": {"name": "Can add order item", "content_type": 12, "codename": "add_orderitem"}}, {"model": "auth.permission", "pk": 46, "fields": {"name": "Can change order item", "content_type": 12, "codename": "change_orderitem"}}, {"model": "auth.permission", "pk": 47, "fields": {"name": "Can delete order item", "content_type": 12, "codename": "delete_orderitem"}}, {"model": "auth.permission", "pk": 48, "fields": {"name": "Can view order item", "content_type": 12, "codename": "view_orderitem"}}, {"model": "auth.permission", "pk": 49, "fields": {"name": "Can add order geo", "content_type": 13, "codename": "add_ordergeo"}}, {"model": "auth.permission", "pk": 50, "fields": {"name": "Can change order geo", "content_type": 13, "codename": "change_ordergeo"}}, {"model": "auth.permission", "pk": 51, "fields": {"name": "Can delete order geo", "content_type": 13, "codename": "delete_ordergeo"}}, {"model": "auth.permission", "pk": 52, "fields": {"name": "Can view order geo", "content_type": 13, "codename": "view_ordergeo"}}, {"model": "auth.permission", "pk": 53, "fields": {"name": "Can add place geo", "content_type": 13, "codename": "add_placegeo"}}, {"model": "auth.permission", "pk": 54, "fields": {"name": "Can change place geo", "content_type": 13, "codename": "change_placegeo"}}, {"model": "auth.permission", "pk": 55, "fields": {"name": "Can delete place geo", "content_type": 13, "codename": "delete_placegeo"}}, {"model": "auth.permission", "pk": 56, "fields": {"name": "Can view place geo", "content_type": 13, "codename": "view_placegeo"}}, {"model": "auth.permission", "pk": 57, "fields": {"name": "Can add place geolocation", "content_type": 13, "codename": "add_placegeolocation"}}, {"model": "auth.permission", "pk": 58, "fields": {"name": "Can change place geolocation", "content_type": 13, "codename": "change_placegeolocation"}}, {"model": "auth.permission", "pk": 59, "fields": {"name": "Can delete place geolocation", "content_type": 13, "codename": "delete_placegeolocation"}}, {"model": "auth.permission", "pk": 60, "fields": {"name": "Can view place geolocation", "content_type": 13, "codename": "view_placegeolocation"}}, {"model": "auth.user", "pk": 1, "fields": {"password": "pbkdf2_sha256$260000$9MQX45gY0gJyNpJeqwljFa$RXp+Yw8MvUNZLxc8n7G/nn7YNUXIUCyG5CLUE4yQcew=", "last_login": "2022-12-28T17:08:26.423Z", "is_superuser": true, "username": "admin", "first_name": "", "last_name": "", "email": "lokiinflames@gmail.com", "is_staff": true, "is_active": true, "date_joined": "2022-09-12T16:53:24.265Z", "groups": [], "user_permissions": []}}, {"model": "contenttypes.contenttype", "pk": 1, "fields": {"app_label": "foodcartapp", "model": "product"}}, {"model": "contenttypes.contenttype", "pk": 2, "fields": {"app_label": "foodcartapp", "model": "restaurant"}}, {"model": "contenttypes.contenttype", "pk": 3, "fields": {"app_label": "foodcartapp", "model": "restaurantmenuitem"}}, {"model": "contenttypes.contenttype", "pk": 4, "fields": {"app_label": "foodcartapp", "model": "productcategory"}}, {"model": "contenttypes.contenttype", "pk": 5, "fields": {"app_label": "admin", "model": "logentry"}}, {"model": "contenttypes.contenttype", "pk": 6, "fields": {"app_label": "auth", "model": "permission"}}, {"model": "contenttypes.contenttype", "pk": 7, "fields": {"app_label": "auth", "model": "group"}}, {"model": "contenttypes.contenttype", "pk": 8, "fields": {"app_label": "auth", "model": "user"}}, {"model": "contenttypes.contenttype", "pk": 9, "fields": {"app_label": "contenttypes", "model": "contenttype"}}, {"model": "contenttypes.contenttype", "pk": 10, "fields": {"app_label": "sessions", "model": "session"}}, {"model": "contenttypes.contenttype", "pk": 11, "fields": {"app_label": "foodcartapp", "model": "order"}}, {"model": "contenttypes.contenttype", "pk": 12, "fields": {"app_label": "foodcartapp", "model": "orderitem"}}, {"model": "contenttypes.contenttype", "pk": 13, "fields": {"app_label": "geodata", "model": "placegeolocation"}}, {"model": "sessions.session", "pk": "0lotzvcfas7nep9defrylhkp5pxu3clk", "fields": {"session_data": ".eJxVjDsOwjAQBe_iGln-xjElPWewdr1rHECOFCcV4u4QKQW0b2beSyTY1pq2zkuaSJyFFqffDSE_uO2A7tBus8xzW5cJ5a7Ig3Z5nYmfl8P9O6jQ67dmqw3b4LRGZMxjVjnGHAggeB8VmRDBmlgG1MGOVIqzxTEG9oNiAhLvD_AqOJg:1oXmhH:9wDxbN0ORZ8aKVJGSFkCJS4GVcb3M3qRUg4EY6ejG6M", "expire_date": "2022-09-26T16:54:11.510Z"}}, {"model": "sessions.session", "pk": "ejp66x7pbj012bmbmz3a22h78nyqpra4", "fields": {"session_data": ".eJxVjDsOwjAQBe_iGln-xjElPWewdr1rHECOFCcV4u4QKQW0b2beSyTY1pq2zkuaSJyFFqffDSE_uO2A7tBus8xzW5cJ5a7Ig3Z5nYmfl8P9O6jQ67dmqw3b4LRGZMxjVjnGHAggeB8VmRDBmlgG1MGOVIqzxTEG9oNiAhLvD_AqOJg:1op95j:3dbC4OfUV-HAp7BHtoCEa8BIEO7e2d7L_UbB_XAWsxs", "expire_date": "2022-11-13T14:15:11.586Z"}}, {"model": "sessions.session", "pk": "gq3exk88f6hkf4026hikgvgtize3q5wd", "fields": {"session_data": ".eJxVjDsOwjAQBe_iGln-xjElPWewdr1rHECOFCcV4u4QKQW0b2beSyTY1pq2zkuaSJyFFqffDSE_uO2A7tBus8xzW5cJ5a7Ig3Z5nYmfl8P9O6jQ67dmqw3b4LRGZMxjVjnGHAggeB8VmRDBmlgG1MGOVIqzxTEG9oNiAhLvD_AqOJg:1odCr4:K9bpvOKpROVpZSTVcoQxGVytDx3sc3sfo3q1i047tKg", "expire_date": "2022-10-11T15:50:42.030Z"}}, {"model": "sessions.session", "pk": "kfovp17hxttej83vg2qye5yq1snxwq7c", "fields": {"session_data": ".eJxVjDsOwjAQBe_iGln-xjElPWewdr1rHECOFCcV4u4QKQW0b2beSyTY1pq2zkuaSJyFFqffDSE_uO2A7tBus8xzW5cJ5a7Ig3Z5nYmfl8P9O6jQ67dmqw3b4LRGZMxjVjnGHAggeB8VmRDBmlgG1MGOVIqzxTEG9oNiAhLvD_AqOJg:1ojEUh:pHgncj0dSvjTZdlDGFWaehr4gVUtwE6zR3YfQmVef8w", "expire_date": "2022-10-28T06:48:31.944Z"}}, {"model": "sessions.session", "pk": "udn53ra182a1cgvappjo7hdtzwq3ccui", "fields": {"session_data": ".eJxVjDsOwjAQBe_iGln-xjElPWewdr1rHECOFCcV4u4QKQW0b2beSyTY1pq2zkuaSJyFFqffDSE_uO2A7tBus8xzW5cJ5a7Ig3Z5nYmfl8P9O6jQ67dmqw3b4LRGZMxjVjnGHAggeB8VmRDBmlgG1MGOVIqzxTEG9oNiAhLvD_AqOJg:1pAZuk:2uKrZ_Rm4dorHIos-XSYn9ViaUocsl0rAIvUHS816QU", "expire_date": "2023-01-11T17:08:26.429Z"}}]